-fno-vectorize,-DN=512,-O0,Run_Iteration,Result
True,-DN=512,-O0,1,0.200321
True,-DN=512,-O1,1,0.041623
True,-DN=512,-O2,1,0.015554
True,-DN=512,-O3,1,0.015935
True,-DN=512,-Ofast,1,0.016904
True,-DN=513,-O0,1,0.193066
True,-DN=513,-O1,1,0.044002
True,-DN=513,-O2,1,0.017846
True,-DN=513,-O3,1,0.018548
True,-DN=513,-Ofast,1,0.018481
True,-DN=1000,-O0,1,1.428446
True,-DN=1000,-O1,1,0.290989
True,-DN=1000,-O2,1,0.113273
True,-DN=1000,-O3,1,0.113712
True,-DN=1000,-Ofast,1,0.122733
True,-DN=1024,-O0,1,1.527293
True,-DN=1024,-O1,1,0.324218
True,-DN=1024,-O2,1,0.121062
True,-DN=1024,-O3,1,0.122631
True,-DN=1024,-Ofast,1,0.133402
True,-DN=2000,-O0,1,12.135808
True,-DN=2000,-O1,1,2.784355
True,-DN=2000,-O2,1,2.001875
True,-DN=2000,-O3,1,1.702838
True,-DN=2000,-Ofast,1,1.550372
True,-DN=2048,-O0,1,12.887027
True,-DN=2048,-O1,1,3.150547
True,-DN=2048,-O2,1,2.141061
True,-DN=2048,-O3,1,2.119939
True,-DN=2048,-Ofast,1,1.992171
False,-DN=512,-O0,1,0.193199
False,-DN=512,-O1,1,0.041827
False,-DN=512,-O2,1,0.016061
False,-DN=512,-O3,1,0.015732
False,-DN=512,-Ofast,1,0.017093
False,-DN=513,-O0,1,0.190239
False,-DN=513,-O1,1,0.042364
False,-DN=513,-O2,1,0.01796
False,-DN=513,-O3,1,0.018376
False,-DN=513,-Ofast,1,0.018885
False,-DN=1000,-O0,1,1.429867
False,-DN=1000,-O1,1,0.292052
False,-DN=1000,-O2,1,0.113064
False,-DN=1000,-O3,1,0.112753
False,-DN=1000,-Ofast,1,0.124068
False,-DN=1024,-O0,1,1.531124
False,-DN=1024,-O1,1,0.324646
False,-DN=1024,-O2,1,0.119317
False,-DN=1024,-O3,1,0.122204
False,-DN=1024,-Ofast,1,0.135449
False,-DN=2000,-O0,1,12.071681
False,-DN=2000,-O1,1,2.866682
False,-DN=2000,-O2,1,1.811752
False,-DN=2000,-O3,1,1.801082
False,-DN=2000,-Ofast,1,1.343232
False,-DN=2048,-O0,1,12.884171
False,-DN=2048,-O1,1,3.08599
False,-DN=2048,-O2,1,2.106864
False,-DN=2048,-O3,1,2.129522
False,-DN=2048,-Ofast,1,1.957371
True,-DN=512,-O0,2,0.188854
True,-DN=512,-O1,2,0.042672
True,-DN=512,-O2,2,0.015753
True,-DN=512,-O3,2,0.016126
True,-DN=512,-Ofast,2,0.017403
True,-DN=513,-O0,2,0.191548
True,-DN=513,-O1,2,0.042092
True,-DN=513,-O2,2,0.019254
True,-DN=513,-O3,2,0.018598
True,-DN=513,-Ofast,2,0.018683
True,-DN=1000,-O0,2,1.434601
True,-DN=1000,-O1,2,0.29087
True,-DN=1000,-O2,2,0.11252
True,-DN=1000,-O3,2,0.113449
True,-DN=1000,-Ofast,2,0.123691
True,-DN=1024,-O0,2,1.629579
True,-DN=1024,-O1,2,0.323234
True,-DN=1024,-O2,2,0.120661
True,-DN=1024,-O3,2,0.120902
True,-DN=1024,-Ofast,2,0.134065
True,-DN=2000,-O0,2,11.911163
True,-DN=2000,-O1,2,2.880614
True,-DN=2000,-O2,2,1.84291
True,-DN=2000,-O3,2,1.602046
True,-DN=2000,-Ofast,2,1.49035
True,-DN=2048,-O0,2,13.03761
True,-DN=2048,-O1,2,3.165935
True,-DN=2048,-O2,2,2.108889
True,-DN=2048,-O3,2,2.087678
True,-DN=2048,-Ofast,2,1.949948
False,-DN=512,-O0,2,0.188221
False,-DN=512,-O1,2,0.041869
False,-DN=512,-O2,2,0.015995
False,-DN=512,-O3,2,0.015664
False,-DN=512,-Ofast,2,0.01727
False,-DN=513,-O0,2,0.193607
False,-DN=513,-O1,2,0.042258
False,-DN=513,-O2,2,0.019062
False,-DN=513,-O3,2,0.019061
False,-DN=513,-Ofast,2,0.018244
False,-DN=1000,-O0,2,1.435493
False,-DN=1000,-O1,2,0.290448
False,-DN=1000,-O2,2,0.111982
False,-DN=1000,-O3,2,0.112131
False,-DN=1000,-Ofast,2,0.125195
False,-DN=1024,-O0,2,1.5299
False,-DN=1024,-O1,2,0.321535
False,-DN=1024,-O2,2,0.121031
False,-DN=1024,-O3,2,0.122929
False,-DN=1024,-Ofast,2,0.131936
False,-DN=2000,-O0,2,11.855396
False,-DN=2000,-O1,2,2.791043
False,-DN=2000,-O2,2,1.706076
False,-DN=2000,-O3,2,1.600329
False,-DN=2000,-Ofast,2,1.480078
False,-DN=2048,-O0,2,13.195761
False,-DN=2048,-O1,2,3.481316
False,-DN=2048,-O2,2,2.316069
False,-DN=2048,-O3,2,2.444644
False,-DN=2048,-Ofast,2,2.39932
True,-DN=512,-O0,3,0.193451
True,-DN=512,-O1,3,0.042253
True,-DN=512,-O2,3,0.015925
True,-DN=512,-O3,3,0.016858
True,-DN=512,-Ofast,3,0.018427
True,-DN=513,-O0,3,0.193755
True,-DN=513,-O1,3,0.0432
True,-DN=513,-O2,3,0.019209
True,-DN=513,-O3,3,0.018431
True,-DN=513,-Ofast,3,0.018853
True,-DN=1000,-O0,3,1.496373
True,-DN=1000,-O1,3,0.294774
True,-DN=1000,-O2,3,0.113772
True,-DN=1000,-O3,3,0.113354
True,-DN=1000,-Ofast,3,0.149518
True,-DN=1024,-O0,3,1.545363
True,-DN=1024,-O1,3,0.323317
True,-DN=1024,-O2,3,0.120901
True,-DN=1024,-O3,3,0.151489
True,-DN=1024,-Ofast,3,0.134481
True,-DN=2000,-O0,3,12.294461
True,-DN=2000,-O1,3,2.779821
True,-DN=2000,-O2,3,2.018291
True,-DN=2000,-O3,3,1.651741
True,-DN=2000,-Ofast,3,1.604254
True,-DN=2048,-O0,3,13.047484
True,-DN=2048,-O1,3,3.549757
True,-DN=2048,-O2,3,2.269297
True,-DN=2048,-O3,3,2.112028
True,-DN=2048,-Ofast,3,1.918255
False,-DN=512,-O0,3,0.191915
False,-DN=512,-O1,3,0.042419
False,-DN=512,-O2,3,0.015916
False,-DN=512,-O3,3,0.016532
False,-DN=512,-Ofast,3,0.01794
False,-DN=513,-O0,3,0.193803
False,-DN=513,-O1,3,0.042952
False,-DN=513,-O2,3,0.018302
False,-DN=513,-O3,3,0.018415
False,-DN=513,-Ofast,3,0.01913
False,-DN=1000,-O0,3,1.439388
False,-DN=1000,-O1,3,0.292026
False,-DN=1000,-O2,3,0.114766
False,-DN=1000,-O3,3,0.112114
False,-DN=1000,-Ofast,3,0.125387
False,-DN=1024,-O0,3,1.561768
False,-DN=1024,-O1,3,0.323402
False,-DN=1024,-O2,3,0.120717
False,-DN=1024,-O3,3,0.121327
False,-DN=1024,-Ofast,3,0.135514
False,-DN=2000,-O0,3,12.016616
False,-DN=2000,-O1,3,2.774488
False,-DN=2000,-O2,3,1.703071
False,-DN=2000,-O3,3,1.745965
False,-DN=2000,-Ofast,3,1.4571
False,-DN=2048,-O0,3,13.133076
False,-DN=2048,-O1,3,3.344641
False,-DN=2048,-O2,3,2.316726
False,-DN=2048,-O3,3,2.35872
False,-DN=2048,-Ofast,3,2.20799
True,-DN=512,-O0,4,0.194027
True,-DN=512,-O1,4,0.043861
True,-DN=512,-O2,4,0.015781
True,-DN=512,-O3,4,0.015928
True,-DN=512,-Ofast,4,0.017593
True,-DN=513,-O0,4,0.192485
True,-DN=513,-O1,4,0.042244
True,-DN=513,-O2,4,0.018749
True,-DN=513,-O3,4,0.018569
True,-DN=513,-Ofast,4,0.019487
True,-DN=1000,-O0,4,1.444522
True,-DN=1000,-O1,4,0.293201
True,-DN=1000,-O2,4,0.112342
True,-DN=1000,-O3,4,0.118365
True,-DN=1000,-Ofast,4,0.125257
True,-DN=1024,-O0,4,1.547804
True,-DN=1024,-O1,4,0.323981
True,-DN=1024,-O2,4,0.123699
True,-DN=1024,-O3,4,0.119762
True,-DN=1024,-Ofast,4,0.137474
True,-DN=2000,-O0,4,12.171606
True,-DN=2000,-O1,4,2.864908
True,-DN=2000,-O2,4,1.488267
True,-DN=2000,-O3,4,1.91604
True,-DN=2000,-Ofast,4,1.613947
True,-DN=2048,-O0,4,13.185982
True,-DN=2048,-O1,4,3.338561
True,-DN=2048,-O2,4,2.227442
True,-DN=2048,-O3,4,2.155215
True,-DN=2048,-Ofast,4,1.901492
False,-DN=512,-O0,4,0.191425
False,-DN=512,-O1,4,0.043057
False,-DN=512,-O2,4,0.016359
False,-DN=512,-O3,4,0.016485
False,-DN=512,-Ofast,4,0.017464
False,-DN=513,-O0,4,0.192808
False,-DN=513,-O1,4,0.043496
False,-DN=513,-O2,4,0.018241
False,-DN=513,-O3,4,0.018364
False,-DN=513,-Ofast,4,0.018747
False,-DN=1000,-O0,4,1.432303
False,-DN=1000,-O1,4,0.291201
False,-DN=1000,-O2,4,0.114075
False,-DN=1000,-O3,4,0.112907
False,-DN=1000,-Ofast,4,0.125731
False,-DN=1024,-O0,4,1.540315
False,-DN=1024,-O1,4,0.323398
False,-DN=1024,-O2,4,0.122481
False,-DN=1024,-O3,4,0.122252
False,-DN=1024,-Ofast,4,0.133578
False,-DN=2000,-O0,4,12.214595
False,-DN=2000,-O1,4,2.837577
False,-DN=2000,-O2,4,1.734781
False,-DN=2000,-O3,4,1.88704
False,-DN=2000,-Ofast,4,1.489024
False,-DN=2048,-O0,4,13.105748
False,-DN=2048,-O1,4,3.112304
False,-DN=2048,-O2,4,1.947645
False,-DN=2048,-O3,4,2.32219
False,-DN=2048,-Ofast,4,1.946052
True,-DN=512,-O0,5,0.192635
True,-DN=512,-O1,5,0.042343
True,-DN=512,-O2,5,0.016096
True,-DN=512,-O3,5,0.015893
True,-DN=512,-Ofast,5,0.016988
True,-DN=513,-O0,5,0.194235
True,-DN=513,-O1,5,0.04375
True,-DN=513,-O2,5,0.018443
True,-DN=513,-O3,5,0.018407
True,-DN=513,-Ofast,5,0.019263
True,-DN=1000,-O0,5,1.450457
True,-DN=1000,-O1,5,0.292891
True,-DN=1000,-O2,5,0.115079
True,-DN=1000,-O3,5,0.113311
True,-DN=1000,-Ofast,5,0.126879
True,-DN=1024,-O0,5,1.549513
True,-DN=1024,-O1,5,0.323958
True,-DN=1024,-O2,5,0.121201
True,-DN=1024,-O3,5,0.128171
True,-DN=1024,-Ofast,5,0.132221
True,-DN=2000,-O0,5,11.972162
True,-DN=2000,-O1,5,2.682694
True,-DN=2000,-O2,5,1.726376
True,-DN=2000,-O3,5,1.717458
True,-DN=2000,-Ofast,5,1.229972
True,-DN=2048,-O0,5,13.199057
True,-DN=2048,-O1,5,3.197984
True,-DN=2048,-O2,5,2.19895
True,-DN=2048,-O3,5,2.263853
True,-DN=2048,-Ofast,5,2.08149
False,-DN=512,-O0,5,0.192433
False,-DN=512,-O1,5,0.043869
False,-DN=512,-O2,5,0.016346
False,-DN=512,-O3,5,0.016081
False,-DN=512,-Ofast,5,0.018259
False,-DN=513,-O0,5,0.192425
False,-DN=513,-O1,5,0.044001
False,-DN=513,-O2,5,0.01807
False,-DN=513,-O3,5,0.018677
False,-DN=513,-Ofast,5,0.018418
False,-DN=1000,-O0,5,1.441301
False,-DN=1000,-O1,5,0.292153
False,-DN=1000,-O2,5,0.111806
False,-DN=1000,-O3,5,0.112877
False,-DN=1000,-Ofast,5,0.124244
False,-DN=1024,-O0,5,1.578982
False,-DN=1024,-O1,5,0.325681
False,-DN=1024,-O2,5,0.121194
False,-DN=1024,-O3,5,0.123992
False,-DN=1024,-Ofast,5,0.134054
False,-DN=2000,-O0,5,12.110959
False,-DN=2000,-O1,5,2.822399
False,-DN=2000,-O2,5,1.806407
False,-DN=2000,-O3,5,1.667232
False,-DN=2000,-Ofast,5,1.449932
False,-DN=2048,-O0,5,13.125986
False,-DN=2048,-O1,5,3.413981
False,-DN=2048,-O2,5,2.07341
False,-DN=2048,-O3,5,2.158722
False,-DN=2048,-Ofast,5,1.996978
True,-DN=512,-O0,6,0.192699
True,-DN=512,-O1,6,0.043274
True,-DN=512,-O2,6,0.01614
True,-DN=512,-O3,6,0.015951
True,-DN=512,-Ofast,6,0.017674
True,-DN=513,-O0,6,0.194013
True,-DN=513,-O1,6,0.044229
True,-DN=513,-O2,6,0.018309
True,-DN=513,-O3,6,0.019123
True,-DN=513,-Ofast,6,0.019344
True,-DN=1000,-O0,6,1.449803
True,-DN=1000,-O1,6,0.292663
True,-DN=1000,-O2,6,0.114234
True,-DN=1000,-O3,6,0.114152
True,-DN=1000,-Ofast,6,0.125451
True,-DN=1024,-O0,6,1.558623
True,-DN=1024,-O1,6,0.323278
True,-DN=1024,-O2,6,0.121819
True,-DN=1024,-O3,6,0.121844
True,-DN=1024,-Ofast,6,0.133996
True,-DN=2000,-O0,6,12.147686
True,-DN=2000,-O1,6,2.965309
True,-DN=2000,-O2,6,1.920367
True,-DN=2000,-O3,6,2.032662
True,-DN=2000,-Ofast,6,1.51096
True,-DN=2048,-O0,6,13.197638
True,-DN=2048,-O1,6,3.401012
True,-DN=2048,-O2,6,2.337055
True,-DN=2048,-O3,6,2.528297
True,-DN=2048,-Ofast,6,2.130449
False,-DN=512,-O0,6,0.191738
False,-DN=512,-O1,6,0.042672
False,-DN=512,-O2,6,0.016116
False,-DN=512,-O3,6,0.016236
False,-DN=512,-Ofast,6,0.017472
False,-DN=513,-O0,6,0.194285
False,-DN=513,-O1,6,0.043959
False,-DN=513,-O2,6,0.018537
False,-DN=513,-O3,6,0.019852
False,-DN=513,-Ofast,6,0.01862
False,-DN=1000,-O0,6,1.457857
False,-DN=1000,-O1,6,0.296073
False,-DN=1000,-O2,6,0.115598
False,-DN=1000,-O3,6,0.112582
False,-DN=1000,-Ofast,6,0.128695
False,-DN=1024,-O0,6,1.562405
False,-DN=1024,-O1,6,0.325355
False,-DN=1024,-O2,6,0.120444
False,-DN=1024,-O3,6,0.121409
False,-DN=1024,-Ofast,6,0.145597
False,-DN=2000,-O0,6,12.230625
False,-DN=2000,-O1,6,2.76989
False,-DN=2000,-O2,6,1.587277
False,-DN=2000,-O3,6,1.594663
False,-DN=2000,-Ofast,6,1.599588
False,-DN=2048,-O0,6,13.269049
False,-DN=2048,-O1,6,3.34882
False,-DN=2048,-O2,6,2.267868
False,-DN=2048,-O3,6,2.350963
False,-DN=2048,-Ofast,6,2.178529
True,-DN=512,-O0,7,0.210721
True,-DN=512,-O1,7,0.043784
True,-DN=512,-O2,7,0.01627
True,-DN=512,-O3,7,0.016458
True,-DN=512,-Ofast,7,0.016981
True,-DN=513,-O0,7,0.194807
True,-DN=513,-O1,7,0.043536
True,-DN=513,-O2,7,0.019005
True,-DN=513,-O3,7,0.018212
True,-DN=513,-Ofast,7,0.01926
True,-DN=1000,-O0,7,1.460729
True,-DN=1000,-O1,7,0.292333
True,-DN=1000,-O2,7,0.116272
True,-DN=1000,-O3,7,0.11447
True,-DN=1000,-Ofast,7,0.125845
True,-DN=1024,-O0,7,1.543745
True,-DN=1024,-O1,7,0.323791
True,-DN=1024,-O2,7,0.121519
True,-DN=1024,-O3,7,0.121085
True,-DN=1024,-Ofast,7,0.133874
True,-DN=2000,-O0,7,12.169851
True,-DN=2000,-O1,7,2.748176
True,-DN=2000,-O2,7,1.400465
True,-DN=2000,-O3,7,1.45562
True,-DN=2000,-Ofast,7,1.569746
True,-DN=2048,-O0,7,12.96264
True,-DN=2048,-O1,7,3.276137
True,-DN=2048,-O2,7,2.03111
True,-DN=2048,-O3,7,2.196354
True,-DN=2048,-Ofast,7,1.979654
False,-DN=512,-O0,7,0.192191
False,-DN=512,-O1,7,0.042279
False,-DN=512,-O2,7,0.016022
False,-DN=512,-O3,7,0.015779
False,-DN=512,-Ofast,7,0.017117
False,-DN=513,-O0,7,0.193418
False,-DN=513,-O1,7,0.043164
False,-DN=513,-O2,7,0.018447
False,-DN=513,-O3,7,0.018315
False,-DN=513,-Ofast,7,0.018921
False,-DN=1000,-O0,7,1.43295
False,-DN=1000,-O1,7,0.295127
False,-DN=1000,-O2,7,0.114355
False,-DN=1000,-O3,7,0.116079
False,-DN=1000,-Ofast,7,0.123373
False,-DN=1024,-O0,7,1.541312
False,-DN=1024,-O1,7,0.32784
False,-DN=1024,-O2,7,0.122871
False,-DN=1024,-O3,7,0.121412
False,-DN=1024,-Ofast,7,0.134662
False,-DN=2000,-O0,7,12.062123
False,-DN=2000,-O1,7,2.606043
False,-DN=2000,-O2,7,1.959553
False,-DN=2000,-O3,7,1.596292
False,-DN=2000,-Ofast,7,1.449978
False,-DN=2048,-O0,7,13.126951
False,-DN=2048,-O1,7,3.30938
False,-DN=2048,-O2,7,2.022965
False,-DN=2048,-O3,7,2.131197
False,-DN=2048,-Ofast,7,1.982742
True,-DN=512,-O0,8,0.191898
True,-DN=512,-O1,8,0.043704
True,-DN=512,-O2,8,0.016172
True,-DN=512,-O3,8,0.016263
True,-DN=512,-Ofast,8,0.017313
True,-DN=513,-O0,8,0.195899
True,-DN=513,-O1,8,0.043634
True,-DN=513,-O2,8,0.018562
True,-DN=513,-O3,8,0.018862
True,-DN=513,-Ofast,8,0.019187
True,-DN=1000,-O0,8,1.442288
True,-DN=1000,-O1,8,0.293849
True,-DN=1000,-O2,8,0.113833
True,-DN=1000,-O3,8,0.115082
True,-DN=1000,-Ofast,8,0.125171
True,-DN=1024,-O0,8,1.552242
True,-DN=1024,-O1,8,0.322007
True,-DN=1024,-O2,8,0.121206
True,-DN=1024,-O3,8,0.122375
True,-DN=1024,-Ofast,8,0.133107
True,-DN=2000,-O0,8,12.010533
True,-DN=2000,-O1,8,2.907834
True,-DN=2000,-O2,8,1.65865
True,-DN=2000,-O3,8,1.709796
True,-DN=2000,-Ofast,8,1.565597
True,-DN=2048,-O0,8,13.24526
True,-DN=2048,-O1,8,3.483088
True,-DN=2048,-O2,8,2.20115
True,-DN=2048,-O3,8,2.365848
True,-DN=2048,-Ofast,8,2.135713
False,-DN=512,-O0,8,0.1951
False,-DN=512,-O1,8,0.042028
False,-DN=512,-O2,8,0.016182
False,-DN=512,-O3,8,0.016022
False,-DN=512,-Ofast,8,0.01748
False,-DN=513,-O0,8,0.195609
False,-DN=513,-O1,8,0.042686
False,-DN=513,-O2,8,0.018576
False,-DN=513,-O3,8,0.018461
False,-DN=513,-Ofast,8,0.018735
False,-DN=1000,-O0,8,1.453692
False,-DN=1000,-O1,8,0.294883
False,-DN=1000,-O2,8,0.114203
False,-DN=1000,-O3,8,0.117793
False,-DN=1000,-Ofast,8,0.125968
False,-DN=1024,-O0,8,1.543055
False,-DN=1024,-O1,8,0.325939
False,-DN=1024,-O2,8,0.121607
False,-DN=1024,-O3,8,0.122219
False,-DN=1024,-Ofast,8,0.134087
False,-DN=2000,-O0,8,12.037696
False,-DN=2000,-O1,8,2.864481
False,-DN=2000,-O2,8,1.873473
False,-DN=2000,-O3,8,1.808562
False,-DN=2000,-Ofast,8,1.526682
False,-DN=2048,-O0,8,13.278367
False,-DN=2048,-O1,8,3.424352
False,-DN=2048,-O2,8,2.286907
False,-DN=2048,-O3,8,2.169953
False,-DN=2048,-Ofast,8,2.163754
True,-DN=512,-O0,9,0.196603
True,-DN=512,-O1,9,0.04276
True,-DN=512,-O2,9,0.017079
True,-DN=512,-O3,9,0.017063
True,-DN=512,-Ofast,9,0.017471
True,-DN=513,-O0,9,0.195055
True,-DN=513,-O1,9,0.043009
True,-DN=513,-O2,9,0.018758
True,-DN=513,-O3,9,0.018617
True,-DN=513,-Ofast,9,0.018611
True,-DN=1000,-O0,9,1.442886
True,-DN=1000,-O1,9,0.295972
True,-DN=1000,-O2,9,0.115437
True,-DN=1000,-O3,9,0.113908
True,-DN=1000,-Ofast,9,0.124564
True,-DN=1024,-O0,9,1.540885
True,-DN=1024,-O1,9,0.325473
True,-DN=1024,-O2,9,0.122709
True,-DN=1024,-O3,9,0.121012
True,-DN=1024,-Ofast,9,0.135572
True,-DN=2000,-O0,9,12.17547
True,-DN=2000,-O1,9,2.873028
True,-DN=2000,-O2,9,1.609998
True,-DN=2000,-O3,9,1.823805
True,-DN=2000,-Ofast,9,1.492561
True,-DN=2048,-O0,9,13.279496
True,-DN=2048,-O1,9,3.285887
True,-DN=2048,-O2,9,2.021426
True,-DN=2048,-O3,9,2.204978
True,-DN=2048,-Ofast,9,2.002164
False,-DN=512,-O0,9,0.191378
False,-DN=512,-O1,9,0.043546
False,-DN=512,-O2,9,0.016995
False,-DN=512,-O3,9,0.015978
False,-DN=512,-Ofast,9,0.018044
False,-DN=513,-O0,9,0.19268
False,-DN=513,-O1,9,0.043044
False,-DN=513,-O2,9,0.018656
False,-DN=513,-O3,9,0.018819
False,-DN=513,-Ofast,9,0.019356
False,-DN=1000,-O0,9,1.44023
False,-DN=1000,-O1,9,0.294771
False,-DN=1000,-O2,9,0.114927
False,-DN=1000,-O3,9,0.117137
False,-DN=1000,-Ofast,9,0.123526
False,-DN=1024,-O0,9,1.546652
False,-DN=1024,-O1,9,0.323281
False,-DN=1024,-O2,9,0.121947
False,-DN=1024,-O3,9,0.122222
False,-DN=1024,-Ofast,9,0.135392
False,-DN=2000,-O0,9,12.064312
False,-DN=2000,-O1,9,2.906151
False,-DN=2000,-O2,9,1.804145
False,-DN=2000,-O3,9,1.979918
False,-DN=2000,-Ofast,9,1.635381
False,-DN=2048,-O0,9,13.110388
False,-DN=2048,-O1,9,3.396349
False,-DN=2048,-O2,9,2.279365
False,-DN=2048,-O3,9,2.299622
False,-DN=2048,-Ofast,9,2.343412
True,-DN=512,-O0,10,0.193036
True,-DN=512,-O1,10,0.042464
True,-DN=512,-O2,10,0.016498
True,-DN=512,-O3,10,0.016621
True,-DN=512,-Ofast,10,0.017623
True,-DN=513,-O0,10,0.192274
True,-DN=513,-O1,10,0.04292
True,-DN=513,-O2,10,0.018621
True,-DN=513,-O3,10,0.018652
True,-DN=513,-Ofast,10,0.019375
True,-DN=1000,-O0,10,1.437941
True,-DN=1000,-O1,10,0.294146
True,-DN=1000,-O2,10,0.113483
True,-DN=1000,-O3,10,0.118663
True,-DN=1000,-Ofast,10,0.126741
True,-DN=1024,-O0,10,1.551975
True,-DN=1024,-O1,10,0.32511
True,-DN=1024,-O2,10,0.122269
True,-DN=1024,-O3,10,0.121183
True,-DN=1024,-Ofast,10,0.134994
True,-DN=2000,-O0,10,12.160063
True,-DN=2000,-O1,10,2.90703
True,-DN=2000,-O2,10,1.739391
True,-DN=2000,-O3,10,1.894154
True,-DN=2000,-Ofast,10,1.573305
True,-DN=2048,-O0,10,13.117565
True,-DN=2048,-O1,10,3.336232
True,-DN=2048,-O2,10,2.185919
True,-DN=2048,-O3,10,2.203381
True,-DN=2048,-Ofast,10,2.12256
False,-DN=512,-O0,10,0.196782
False,-DN=512,-O1,10,0.042787
False,-DN=512,-O2,10,0.016385
False,-DN=512,-O3,10,0.015788
False,-DN=512,-Ofast,10,0.018702
False,-DN=513,-O0,10,0.193561
False,-DN=513,-O1,10,0.043162
False,-DN=513,-O2,10,0.018808
False,-DN=513,-O3,10,0.018527
False,-DN=513,-Ofast,10,0.018863
False,-DN=1000,-O0,10,1.445658
False,-DN=1000,-O1,10,0.294825
False,-DN=1000,-O2,10,0.114336
False,-DN=1000,-O3,10,0.113783
False,-DN=1000,-Ofast,10,0.125491
False,-DN=1024,-O0,10,1.544269
False,-DN=1024,-O1,10,0.326314
False,-DN=1024,-O2,10,0.122696
False,-DN=1024,-O3,10,0.122263
False,-DN=1024,-Ofast,10,0.135454
False,-DN=2000,-O0,10,12.065473
False,-DN=2000,-O1,10,2.797168
False,-DN=2000,-O2,10,1.731291
False,-DN=2000,-O3,10,1.73704
False,-DN=2000,-Ofast,10,1.553557
False,-DN=2048,-O0,10,13.154867
False,-DN=2048,-O1,10,3.395272
False,-DN=2048,-O2,10,2.097509
False,-DN=2048,-O3,10,2.176133
False,-DN=2048,-Ofast,10,2.043054
