Opt_Level,Region,Size,Run_Iteration,Result
-O2,-DTIME_REGION=0,-DSIZE=128,1,0.001077
-O2,-DTIME_REGION=0,-DSIZE=512,1,0.029236
-O2,-DTIME_REGION=0,-DSIZE=2048,1,1.23228
-O2,-DTIME_REGION=4,-DSIZE=128,1,0.000273
-O2,-DTIME_REGION=4,-DSIZE=512,1,0.016417
-O2,-DTIME_REGION=4,-DSIZE=2048,1,1.186161
-O2,-DTIME_REGION=5,-DSIZE=128,1,3.1e-05
-O2,-DTIME_REGION=5,-DSIZE=512,1,0.000905
-O2,-DTIME_REGION=5,-DSIZE=2048,1,0.015275
-O2,-DTIME_REGION=6,-DSIZE=128,1,3.4e-05
-O2,-DTIME_REGION=6,-DSIZE=512,1,0.000563
-O2,-DTIME_REGION=6,-DSIZE=2048,1,0.008976
-O3,-DTIME_REGION=0,-DSIZE=128,1,0.00031
-O3,-DTIME_REGION=0,-DSIZE=512,1,0.016633
-O3,-DTIME_REGION=0,-DSIZE=2048,1,1.029983
-O3,-DTIME_REGION=4,-DSIZE=128,1,0.000304
-O3,-DTIME_REGION=4,-DSIZE=512,1,0.015219
-O3,-DTIME_REGION=4,-DSIZE=2048,1,1.035537
-O3,-DTIME_REGION=5,-DSIZE=128,1,3.3e-05
-O3,-DTIME_REGION=5,-DSIZE=512,1,0.000994
-O3,-DTIME_REGION=5,-DSIZE=2048,1,0.015301
-O3,-DTIME_REGION=6,-DSIZE=128,1,3.1e-05
-O3,-DTIME_REGION=6,-DSIZE=512,1,0.000563
-O3,-DTIME_REGION=6,-DSIZE=2048,1,0.008492
-O2,-DTIME_REGION=0,-DSIZE=128,2,0.000606
-O2,-DTIME_REGION=0,-DSIZE=512,2,0.019857
-O2,-DTIME_REGION=0,-DSIZE=2048,2,1.196288
-O2,-DTIME_REGION=4,-DSIZE=128,2,0.000272
-O2,-DTIME_REGION=4,-DSIZE=512,2,0.016592
-O2,-DTIME_REGION=4,-DSIZE=2048,2,1.214164
-O2,-DTIME_REGION=5,-DSIZE=128,2,3.3e-05
-O2,-DTIME_REGION=5,-DSIZE=512,2,0.000935
-O2,-DTIME_REGION=5,-DSIZE=2048,2,0.01466
-O2,-DTIME_REGION=6,-DSIZE=128,2,3.4e-05
-O2,-DTIME_REGION=6,-DSIZE=512,2,0.000564
-O2,-DTIME_REGION=6,-DSIZE=2048,2,0.008961
-O3,-DTIME_REGION=0,-DSIZE=128,2,0.000313
-O3,-DTIME_REGION=0,-DSIZE=512,2,0.016457
-O3,-DTIME_REGION=0,-DSIZE=2048,2,1.056223
-O3,-DTIME_REGION=4,-DSIZE=128,2,0.000243
-O3,-DTIME_REGION=4,-DSIZE=512,2,0.015267
-O3,-DTIME_REGION=4,-DSIZE=2048,2,1.006673
-O3,-DTIME_REGION=5,-DSIZE=128,2,3.2e-05
-O3,-DTIME_REGION=5,-DSIZE=512,2,0.00091
-O3,-DTIME_REGION=5,-DSIZE=2048,2,0.015327
-O3,-DTIME_REGION=6,-DSIZE=128,2,3e-05
-O3,-DTIME_REGION=6,-DSIZE=512,2,0.000534
-O3,-DTIME_REGION=6,-DSIZE=2048,2,0.008619
-O2,-DTIME_REGION=0,-DSIZE=128,3,0.00035
-O2,-DTIME_REGION=0,-DSIZE=512,3,0.019026
-O2,-DTIME_REGION=0,-DSIZE=2048,3,1.208632
-O2,-DTIME_REGION=4,-DSIZE=128,3,0.000272
-O2,-DTIME_REGION=4,-DSIZE=512,3,0.016383
-O2,-DTIME_REGION=4,-DSIZE=2048,3,1.264847
-O2,-DTIME_REGION=5,-DSIZE=128,3,3.2e-05
-O2,-DTIME_REGION=5,-DSIZE=512,3,0.000937
-O2,-DTIME_REGION=5,-DSIZE=2048,3,0.015585
-O2,-DTIME_REGION=6,-DSIZE=128,3,3.4e-05
-O2,-DTIME_REGION=6,-DSIZE=512,3,0.000582
-O2,-DTIME_REGION=6,-DSIZE=2048,3,0.009092
-O3,-DTIME_REGION=0,-DSIZE=128,3,0.000313
-O3,-DTIME_REGION=0,-DSIZE=512,3,0.016694
-O3,-DTIME_REGION=0,-DSIZE=2048,3,1.038869
-O3,-DTIME_REGION=4,-DSIZE=128,3,0.000258
-O3,-DTIME_REGION=4,-DSIZE=512,3,0.015199
-O3,-DTIME_REGION=4,-DSIZE=2048,3,0.998162
-O3,-DTIME_REGION=5,-DSIZE=128,3,3.1e-05
-O3,-DTIME_REGION=5,-DSIZE=512,3,0.000918
-O3,-DTIME_REGION=5,-DSIZE=2048,3,0.015293
-O3,-DTIME_REGION=6,-DSIZE=128,3,3.1e-05
-O3,-DTIME_REGION=6,-DSIZE=512,3,0.0005
-O3,-DTIME_REGION=6,-DSIZE=2048,3,0.008485
-O2,-DTIME_REGION=0,-DSIZE=128,4,0.000348
-O2,-DTIME_REGION=0,-DSIZE=512,4,0.018439
-O2,-DTIME_REGION=0,-DSIZE=2048,4,1.218533
-O2,-DTIME_REGION=4,-DSIZE=128,4,0.00027
-O2,-DTIME_REGION=4,-DSIZE=512,4,0.016528
-O2,-DTIME_REGION=4,-DSIZE=2048,4,1.176464
-O2,-DTIME_REGION=5,-DSIZE=128,4,3.1e-05
-O2,-DTIME_REGION=5,-DSIZE=512,4,0.000909
-O2,-DTIME_REGION=5,-DSIZE=2048,4,0.015421
-O2,-DTIME_REGION=6,-DSIZE=128,4,3.4e-05
-O2,-DTIME_REGION=6,-DSIZE=512,4,0.000601
-O2,-DTIME_REGION=6,-DSIZE=2048,4,0.009193
-O3,-DTIME_REGION=0,-DSIZE=128,4,0.000314
-O3,-DTIME_REGION=0,-DSIZE=512,4,0.01677
-O3,-DTIME_REGION=0,-DSIZE=2048,4,1.031716
-O3,-DTIME_REGION=4,-DSIZE=128,4,0.000242
-O3,-DTIME_REGION=4,-DSIZE=512,4,0.015416
-O3,-DTIME_REGION=4,-DSIZE=2048,4,1.012702
-O3,-DTIME_REGION=5,-DSIZE=128,4,3.2e-05
-O3,-DTIME_REGION=5,-DSIZE=512,4,0.000938
-O3,-DTIME_REGION=5,-DSIZE=2048,4,0.015354
-O3,-DTIME_REGION=6,-DSIZE=128,4,3e-05
-O3,-DTIME_REGION=6,-DSIZE=512,4,0.000552
-O3,-DTIME_REGION=6,-DSIZE=2048,4,0.008479
-O2,-DTIME_REGION=0,-DSIZE=128,5,0.000409
-O2,-DTIME_REGION=0,-DSIZE=512,5,0.018488
-O2,-DTIME_REGION=0,-DSIZE=2048,5,1.198313
-O2,-DTIME_REGION=4,-DSIZE=128,5,0.000277
-O2,-DTIME_REGION=4,-DSIZE=512,5,0.016773
-O2,-DTIME_REGION=4,-DSIZE=2048,5,1.202797
-O2,-DTIME_REGION=5,-DSIZE=128,5,3.2e-05
-O2,-DTIME_REGION=5,-DSIZE=512,5,0.000948
-O2,-DTIME_REGION=5,-DSIZE=2048,5,0.015449
-O2,-DTIME_REGION=6,-DSIZE=128,5,3.4e-05
-O2,-DTIME_REGION=6,-DSIZE=512,5,0.000531
-O2,-DTIME_REGION=6,-DSIZE=2048,5,0.009235
-O3,-DTIME_REGION=0,-DSIZE=128,5,0.000348
-O3,-DTIME_REGION=0,-DSIZE=512,5,0.016954
-O3,-DTIME_REGION=0,-DSIZE=2048,5,1.042139
-O3,-DTIME_REGION=4,-DSIZE=128,5,0.000249
-O3,-DTIME_REGION=4,-DSIZE=512,5,0.016017
-O3,-DTIME_REGION=4,-DSIZE=2048,5,1.03567
-O3,-DTIME_REGION=5,-DSIZE=128,5,3.2e-05
-O3,-DTIME_REGION=5,-DSIZE=512,5,0.000949
-O3,-DTIME_REGION=5,-DSIZE=2048,5,0.015626
-O3,-DTIME_REGION=6,-DSIZE=128,5,3.1e-05
-O3,-DTIME_REGION=6,-DSIZE=512,5,0.000533
-O3,-DTIME_REGION=6,-DSIZE=2048,5,0.008533
-O2,-DTIME_REGION=0,-DSIZE=128,6,0.000401
-O2,-DTIME_REGION=0,-DSIZE=512,6,0.018418
-O2,-DTIME_REGION=0,-DSIZE=2048,6,1.206827
-O2,-DTIME_REGION=4,-DSIZE=128,6,0.000271
-O2,-DTIME_REGION=4,-DSIZE=512,6,0.016617
-O2,-DTIME_REGION=4,-DSIZE=2048,6,1.240978
-O2,-DTIME_REGION=5,-DSIZE=128,6,3e-05
-O2,-DTIME_REGION=5,-DSIZE=512,6,0.000939
-O2,-DTIME_REGION=5,-DSIZE=2048,6,0.015422
-O2,-DTIME_REGION=6,-DSIZE=128,6,3.5e-05
-O2,-DTIME_REGION=6,-DSIZE=512,6,0.000594
-O2,-DTIME_REGION=6,-DSIZE=2048,6,0.009087
-O3,-DTIME_REGION=0,-DSIZE=128,6,0.000311
-O3,-DTIME_REGION=0,-DSIZE=512,6,0.016953
-O3,-DTIME_REGION=0,-DSIZE=2048,6,1.024035
-O3,-DTIME_REGION=4,-DSIZE=128,6,0.000275
-O3,-DTIME_REGION=4,-DSIZE=512,6,0.015484
-O3,-DTIME_REGION=4,-DSIZE=2048,6,1.02462
-O3,-DTIME_REGION=5,-DSIZE=128,6,3.3e-05
-O3,-DTIME_REGION=5,-DSIZE=512,6,0.000947
-O3,-DTIME_REGION=5,-DSIZE=2048,6,0.014439
-O3,-DTIME_REGION=6,-DSIZE=128,6,3e-05
-O3,-DTIME_REGION=6,-DSIZE=512,6,0.000534
-O3,-DTIME_REGION=6,-DSIZE=2048,6,0.008495
-O2,-DTIME_REGION=0,-DSIZE=128,7,0.000348
-O2,-DTIME_REGION=0,-DSIZE=512,7,0.018063
-O2,-DTIME_REGION=0,-DSIZE=2048,7,1.262721
-O2,-DTIME_REGION=4,-DSIZE=128,7,0.000271
-O2,-DTIME_REGION=4,-DSIZE=512,7,0.016423
-O2,-DTIME_REGION=4,-DSIZE=2048,7,1.197468
-O2,-DTIME_REGION=5,-DSIZE=128,7,3.1e-05
-O2,-DTIME_REGION=5,-DSIZE=512,7,0.000967
-O2,-DTIME_REGION=5,-DSIZE=2048,7,0.015097
-O2,-DTIME_REGION=6,-DSIZE=128,7,3.4e-05
-O2,-DTIME_REGION=6,-DSIZE=512,7,0.00053
-O2,-DTIME_REGION=6,-DSIZE=2048,7,0.008935
-O3,-DTIME_REGION=0,-DSIZE=128,7,0.000313
-O3,-DTIME_REGION=0,-DSIZE=512,7,0.016637
-O3,-DTIME_REGION=0,-DSIZE=2048,7,1.03798
-O3,-DTIME_REGION=4,-DSIZE=128,7,0.000275
-O3,-DTIME_REGION=4,-DSIZE=512,7,0.015411
-O3,-DTIME_REGION=4,-DSIZE=2048,7,1.014786
-O3,-DTIME_REGION=5,-DSIZE=128,7,3.1e-05
-O3,-DTIME_REGION=5,-DSIZE=512,7,0.00096
-O3,-DTIME_REGION=5,-DSIZE=2048,7,0.015378
-O3,-DTIME_REGION=6,-DSIZE=128,7,3e-05
-O3,-DTIME_REGION=6,-DSIZE=512,7,0.000534
-O3,-DTIME_REGION=6,-DSIZE=2048,7,0.008486
-O2,-DTIME_REGION=0,-DSIZE=128,8,0.0004
-O2,-DTIME_REGION=0,-DSIZE=512,8,0.018009
-O2,-DTIME_REGION=0,-DSIZE=2048,8,1.288837
-O2,-DTIME_REGION=4,-DSIZE=128,8,0.000302
-O2,-DTIME_REGION=4,-DSIZE=512,8,0.016294
-O2,-DTIME_REGION=4,-DSIZE=2048,8,1.224431
-O2,-DTIME_REGION=5,-DSIZE=128,8,3.1e-05
-O2,-DTIME_REGION=5,-DSIZE=512,8,0.000925
-O2,-DTIME_REGION=5,-DSIZE=2048,8,0.015224
-O2,-DTIME_REGION=6,-DSIZE=128,8,3.4e-05
-O2,-DTIME_REGION=6,-DSIZE=512,8,0.000594
-O2,-DTIME_REGION=6,-DSIZE=2048,8,0.008958
-O3,-DTIME_REGION=0,-DSIZE=128,8,0.000332
-O3,-DTIME_REGION=0,-DSIZE=512,8,0.016892
-O3,-DTIME_REGION=0,-DSIZE=2048,8,1.071396
-O3,-DTIME_REGION=4,-DSIZE=128,8,0.000241
-O3,-DTIME_REGION=4,-DSIZE=512,8,0.015243
-O3,-DTIME_REGION=4,-DSIZE=2048,8,1.03325
-O3,-DTIME_REGION=5,-DSIZE=128,8,3.1e-05
-O3,-DTIME_REGION=5,-DSIZE=512,8,0.000956
-O3,-DTIME_REGION=5,-DSIZE=2048,8,0.015049
-O3,-DTIME_REGION=6,-DSIZE=128,8,3.1e-05
-O3,-DTIME_REGION=6,-DSIZE=512,8,0.000551
-O3,-DTIME_REGION=6,-DSIZE=2048,8,0.008621
-O2,-DTIME_REGION=0,-DSIZE=128,9,0.000347
-O2,-DTIME_REGION=0,-DSIZE=512,9,0.01853
-O2,-DTIME_REGION=0,-DSIZE=2048,9,1.253259
-O2,-DTIME_REGION=4,-DSIZE=128,9,0.000271
-O2,-DTIME_REGION=4,-DSIZE=512,9,0.016596
-O2,-DTIME_REGION=4,-DSIZE=2048,9,1.250316
-O2,-DTIME_REGION=5,-DSIZE=128,9,3.1e-05
-O2,-DTIME_REGION=5,-DSIZE=512,9,0.000909
-O2,-DTIME_REGION=5,-DSIZE=2048,9,0.015284
-O2,-DTIME_REGION=6,-DSIZE=128,9,3.5e-05
-O2,-DTIME_REGION=6,-DSIZE=512,9,0.000569
-O2,-DTIME_REGION=6,-DSIZE=2048,9,0.008961
-O3,-DTIME_REGION=0,-DSIZE=128,9,0.000312
-O3,-DTIME_REGION=0,-DSIZE=512,9,0.01654
-O3,-DTIME_REGION=0,-DSIZE=2048,9,1.081285
-O3,-DTIME_REGION=4,-DSIZE=128,9,0.00041
-O3,-DTIME_REGION=4,-DSIZE=512,9,0.016081
-O3,-DTIME_REGION=4,-DSIZE=2048,9,1.032174
-O3,-DTIME_REGION=5,-DSIZE=128,9,3.1e-05
-O3,-DTIME_REGION=5,-DSIZE=512,9,0.000938
-O3,-DTIME_REGION=5,-DSIZE=2048,9,0.015031
-O3,-DTIME_REGION=6,-DSIZE=128,9,3.1e-05
-O3,-DTIME_REGION=6,-DSIZE=512,9,0.000499
-O3,-DTIME_REGION=6,-DSIZE=2048,9,0.008537
-O2,-DTIME_REGION=0,-DSIZE=128,10,0.000389
-O2,-DTIME_REGION=0,-DSIZE=512,10,0.018484
-O2,-DTIME_REGION=0,-DSIZE=2048,10,1.223991
-O2,-DTIME_REGION=4,-DSIZE=128,10,0.000301
-O2,-DTIME_REGION=4,-DSIZE=512,10,0.016266
-O2,-DTIME_REGION=4,-DSIZE=2048,10,1.334732
-O2,-DTIME_REGION=5,-DSIZE=128,10,2.9e-05
-O2,-DTIME_REGION=5,-DSIZE=512,10,0.000971
-O2,-DTIME_REGION=5,-DSIZE=2048,10,0.014866
-O2,-DTIME_REGION=6,-DSIZE=128,10,3.3e-05
-O2,-DTIME_REGION=6,-DSIZE=512,10,0.00053
-O2,-DTIME_REGION=6,-DSIZE=2048,10,0.00896
-O3,-DTIME_REGION=0,-DSIZE=128,10,0.000346
-O3,-DTIME_REGION=0,-DSIZE=512,10,0.016847
-O3,-DTIME_REGION=0,-DSIZE=2048,10,1.102184
-O3,-DTIME_REGION=4,-DSIZE=128,10,0.000292
-O3,-DTIME_REGION=4,-DSIZE=512,10,0.015392
-O3,-DTIME_REGION=4,-DSIZE=2048,10,1.055929
-O3,-DTIME_REGION=5,-DSIZE=128,10,3e-05
-O3,-DTIME_REGION=5,-DSIZE=512,10,0.000958
-O3,-DTIME_REGION=5,-DSIZE=2048,10,0.015546
-O3,-DTIME_REGION=6,-DSIZE=128,10,3.1e-05
-O3,-DTIME_REGION=6,-DSIZE=512,10,0.000552
-O3,-DTIME_REGION=6,-DSIZE=2048,10,0.00855
